[
  
    {
      "mid":"100",
      "name":"keerthu",
    "email":"keer@gmail.com", 
    "psw":"asdf",
    "pswrepeat":"asdf",
    "cname":"capg",
    "mobno":9585540590
    }
  ,
  {
    "mid":"101",
    "name":"Pradeeps",
    "email":"pradee@gmail.com", 
    "psw":"asdfg",
    "pswrepeat":"asdfg",
    "cname":"capge",
    "mobno":9585540591
    }
      ,
      {
        "mid":"102",
        "name":"Jaanu",
        "email":"jaanu@gmail.com", 
        "psw":"asdfgh",
        "pswrepeat":"asdfgh",
        "cname":"capge",
        "mobno":9585540592
        }
]

